imdbID,movieTitle,released,rating,Budget,GrossDomestic,GrossWorldWide,director
tt2059171,"13 Sins",2014-04-18,6.3,4000000,9134,47552,"Daniel Stamm"
tt0046672,"20,000 Leagues Under the Sea",1954-12-23,7,5000000,28200000,28200000,"Richard Fleischer"
tt0137338,"200 Cigarettes",1999-02-26,5.9,6000000,6852450,6852450,"Risa Bramon Garcia"
tt0109015,"3 Ninjas Kick Back",1994-05-06,5,20000000,11744960,11744960,"Charles T. Kanganis"
tt0343660,"50 First Dates",2004-02-13,6.7,75000000,120776832,196320329,"Peter Segal"
tt0118541,"8 Heads in a Duffel Bag",1997-04-18,5.1,3000000,3602884,4002884,"Tom Schulman"
tt0090568,"8 Million Ways to Die",1986-04-25,5.5,18000000,1305114,1305114,"Hal Ashby"
tt6359956,"A Bad Moms Christmas",2017-11-01,6.3,28000000,72110659,127710550,"Jon Lucas, Scott Moore"
tt1554091,"A Better Life",2011-06-24,7.1,10000000,1759252,1884251,"Chris Weitz"
tt0075784,"A Bridge Too Far",1977-06-15,7.2,26000000,50800000,50800000,"Richard Attenborough"
tt0104257,"A Few Good Men",1992-12-11,7.4,33000000,141340178,236500000,"Rob Reiner"
tt0266465,"A Man Apart",2003-04-04,5.9,36000000,26500000,43797731,"F. Gary Gray"
tt0060665,"A Man for All Seasons",1966-12-12,7.6,3900000,28350000,28350000,"Fred Zinnemann"
tt0310281,"A Mighty Wind",2003-04-16,6.9,6000000,17583468,18504539,"Christopher Guest"
tt1972571,"A Most Wanted Man",2014-07-25,6.5,15000000,17237855,36068890,"Anton Corbijn"
tt0093629,"A Nightmare on Elm Street 3: Dream Warriors",1987-02-27,6.6,5000000,44793222,44793222,"Chuck Russell"
tt0095742,"A Nightmare on Elm Street 4: The Dream Master",1988-08-19,5.8,13000000,49369899,49369899,"Renny Harlin"
tt0087892,"A Passage to India",1984-12-14,6.9,27500000,27187653,27187653,"David Lean"
tt1019452,"A Serious Man",2009-10-02,6.7,7000000,9228788,30360570,"Ethan Coen, Joel Coen"
tt0117913,"A Time to Kill",1996-07-24,7.2,40000000,108766007,152266007,"Joel Schumacher"
tt0090264,"A View to a Kill",1985-05-24,6.2,30000000,50327960,152627960,"John Glen"
tt1826590,"About Last Night",2014-02-14,6,13000000,48637684,50445860,"Steve Pink"
tt0118548,"Absolute Power",1997-02-14,6.6,50000000,50068310,50068310,"Clint Eastwood"
tt0445922,"Across the Universe",2007-09-14,7.3,45000000,24343673,29367143,"Julie Taymor"
tt1591479,"Act of Valor",2012-02-24,6.3,12000000,70012847,82497035,"Mike McCoy, Scott Waugh"
tt6495770,"Action Point",2018-06-01,5.2,19000000,5059608,5103675,"Tim Kirkby"
tt0367479,"After the Sunset",2004-11-12,6.2,57000000,28328132,38329114,"Brett Ratner"
tt0358349,"Agent Cody Banks 2: Destination London",2004-03-12,5.1,26000000,23514247,28703083,"Kevin Allen"
tt0118570,"Air Bud",1997-08-01,5.3,3000000,24646936,27788649,"Charles Martin Smith"
tt0029852,"Alexander's Ragtime Band",1938-05-24,6.7,2000000,4000000,4000000,"Henry King"
tt0090605,Aliens,1986-07-18,7.9,17000000,85160248,183316455,"James Cameron"
tt0775552,"Aliens in the Attic",2009-07-31,5.4,45000000,25200412,59551283,"John Schultz"
tt1175709,"All Good Things",2010-12-03,6,20000000,582024,873617,"Andrew Jarecki"
tt4663548,"All Saints",2017-08-25,6.1,2000000,5802208,5941994,"Steve Gomer"
tt4649416,"Almost Christmas",2016-11-11,5.6,17000000,42065185,42493506,"David E. Talbert"
tt0181875,"Almost Famous",2000-09-15,7.5,60000000,32522352,47371191,"Cameron Crowe"
tt0369226,"Alone in the Dark",2005-01-28,3.2,20000000,5178569,10588079,"Uwe Boll"
tt0164334,"Along Came a Spider",2001-04-06,6.3,28000000,74058698,105159085,"Lee Tamahori"
tt4244998,Alpha,2018-08-17,6,51000000,35851379,99624873,"Albert Hughes"
tt0305206,"American Splendor",2003-08-15,7.3,2000000,6003587,8685632,"Shari Springer Berman, Robert Pulcini"
tt0328828,"American Wedding",2003-08-01,6.1,55000000,104354205,126425115,"Jesse Dylan"
tt0289848,"Analyze That",2002-12-06,5.7,60000000,32122249,54994757,"Harold Ramis"
tt0122933,"Analyze This",1999-03-05,6.4,30000000,106885658,176885658,"Harold Ramis"
tt0305224,"Anger Management",2003-04-11,6,56000000,135560942,195660942,"Peter Segal"
tt1823664,Annie,2014-12-19,6.1,65000000,85911262,139829625,"Will Gluck"
tt3333870,Antibirth,2016-09-02,4.8,2500000,0,0,"Danny Perez"
tt0168786,"Antwone Fisher",2002-12-19,6.9,12500000,21078145,23367586,"Denzel Washington"
tt0149691,"Anywhere But Here",1999-11-12,6.2,23000000,18653615,18653615,"Wayne Wang"
tt0090655,"April Fool's Day",1986-03-27,5.7,5000000,12947763,12947763,"Fred Walton"
tt0455326,"Aqua Teen Hunger Force Colon Movie Film for Theaters",2007-04-13,6.4,750000,5520368,5520368,"Matt Maiellaro, Dave Willis"
tt0429591,Aquamarine,2006-03-03,5.9,12000000,18597342,22978953,"Elizabeth Allen Rosenbaum"
tt1764183,Arbitrage,2012-09-14,6.2,12000000,7919574,35830713,"Nicholas Jarecki"
tt0120591,Armageddon,1998-07-01,6.7,140000000,201578182,554600000,"Michael Bay"
tt0112401,Assassins,1995-10-06,6.2,50000000,30306268,83306268,"Richard Donner"
tt0466856,ATL,2006-03-31,6.8,17000000,21170563,21170563,"Chris Robinson"
tt0426931,"August Rush",2007-11-21,7.3,25000000,31664162,65882103,"Kirsten Sheridan"
tt0118655,"Austin Powers: International Man of Mystery",1997-05-02,6.5,18000000,53883989,67683989,"Jay Roach"
tt0174480,"Autumn in New York",2000-08-11,6,40000000,37752931,90717684,"Joan Chen"
tt1176740,"Away We Go",2009-06-05,6.8,21000000,9451946,10108016,"Sam Mendes"
tt0120595,"Babe: Pig in the City",1998-11-25,5.4,80000000,18319860,69131860,"George Miller"
tt3890160,"Baby Driver",2017-06-28,7.4,34000000,107825862,228104185,"Edgar Wright"
tt0118665,"Baby Geniuses",1999-03-12,3.7,13000000,27151490,27151490,"Bob Clark"
tt0172156,"Bad Boys II",2003-07-18,6.4,130000000,138540870,273271982,"Michael Bay"
tt0307987,"Bad Santa",2003-11-26,6.5,18000000,60060328,77147031,"Terry Zwigoff"
tt0219965,Bandits,2001-10-12,6.3,75000000,41523271,71523271,"Barry Levinson"
tt0101414,"Beauty and the Beast",1991-11-13,7.7,20000000,206333165,438707031,"Gary Trousdale, Kirk Wise"
tt0490084,"Because I Said So",2007-02-02,6,39000000,42674040,69538833,"Michael Lehmann"
tt0317132,"Because of Winn-Dixie",2005-02-18,6.2,15000000,32647042,33508485,"Wayne Wang"
tt0486551,Beerfest,2006-08-25,5.8,17500000,19185184,20159316,"Jay Chandrasekhar"
tt0158493,Belly,1998-11-04,6,3000000,9639390,9639390,"Hype Williams"
tt0120603,Beloved,1998-10-16,5.6,53000000,22852487,22852487,"Jonathan Demme"
tt1704573,Bernie,2012-04-27,6.6,6000000,9204489,10106975,"Richard Linklater"
tt1014775,"Beverly Hills Chihuahua",2008-10-03,4.8,20000000,94514402,154218168,"Raja Gosnell"
tt0218043,"Beyond the Mat",1999-10-22,7.7,500000,2047570,2047570,"Barry W. Blaustein"
tt0265298,"Big Fat Liar",2002-02-08,5.7,15000000,47811275,52461017,"Shawn Levy"
tt2737304,"Bird Box",2018-12-13,7,19800000,0,0,"Susanne Bier"
tt2720826,"Birth of the Dragon",2017-08-25,5.7,31000000,6901965,7220490,"George Nolfi"
tt0265086,"Black Hawk Down",2001-12-28,7.3,95000000,108638745,159691085,"Ridley Scott"
tt0096933,"Black Rain",1989-09-22,6.5,30000000,45892212,45892212,"Ridley Scott"
tt0947798,"Black Swan",2010-12-03,7.6,13000000,106954678,331266710,"Darren Aronofsky"
tt0120611,Blade,1998-08-21,6.6,45000000,70141876,131237688,"Stephen Norrington"
tt0359013,"Blade: Trinity",2004-12-08,5.7,65000000,52397389,131353165,"David S. Goyer"
tt0124298,"Blast from the Past",1999-02-12,6.4,35000000,26613620,26613620,"Hugh Wilson"
tt0071230,"Blazing Saddles",1974-02-07,7.3,2600000,119500000,119500000,"Mel Brooks"
tt0163983,"Bless the Child",2000-08-11,5,40000000,29374178,40435694,"Chuck Russell"
tt0887719,"Blonde Ambition",2007-12-21,4.4,10000000,6422,1537479,"Scott Marshall"
tt0181316,"Blue Streak",1999-09-17,6.3,36000000,68208190,117448157,"Les Mayfield"
tt2494362,"Bone Tomahawk",2015-10-23,6.8,2000000,0,475846,"S. Craig Zahler"
tt0166110,Bones,2001-10-24,4.3,10000000,7316658,8378853,"Ernest R. Dickerson"
tt0357507,Boogeyman,2005-02-04,4.8,20000000,46752382,67192859,"Stephen Kay"
tt6857166,"Book Club",2018-05-18,6.1,10000000,68566296,91310059,"Bill Holderman"
tt0112573,Braveheart,1995-05-24,7.9,72000000,75545647,209045244,"Mel Gibson"
tt0085276,Breathless,1983-05-13,5.8,7000000,19910002,19910002,"Jim McBride"
tt0144120,"Bride of Chucky",1998-10-16,5.6,25000000,32404188,50692188,"Ronny Yu"
tt0901476,"Bride Wars",2009-01-09,6.1,30000000,58715510,115150424,"Gary Winick"
tt1478338,Bridesmaids,2011-05-13,6.5,32500000,169211718,289632023,"Paul Feig"
tt0243155,"Bridget Jones's Diary",2001-04-13,6.7,25000000,71500556,281527158,"Sharon Maguire"
tt0094799,"Bright Lights, Big City",1988-04-01,5.8,25000000,16118077,16118077,"James Bridges"
tt0305669,"Bringing Down the House",2003-03-07,5.6,20000000,132675402,164675402,"Adam Shankman"
tt0163988,"Bringing Out the Dead",1999-10-22,6.7,32000000,16640210,16640210,"Martin Scorsese"
tt1411664,"Bucky Larson: Born to Be a Star",2011-09-09,4.2,10000000,2529395,2529395,"Tom Brady"
tt0080487,Caddyshack,1980-07-25,6.7,6000000,39846344,39846344,"Harold Ramis"
tt1042877,"Cadillac Records",2008-12-05,7.1,12000000,8195551,8942516,"Darnell Martin"
tt4595882,"Can You Ever Forgive Me?",2018-10-19,6.9,10000000,8803865,11752387,"Marielle Heller"
tt0101540,"Cape Fear",1991-11-15,7.2,35000000,79091969,182291969,"Martin Scorsese"
tt0112642,Casper,1995-05-26,6.2,55000000,100328194,282300000,"Brad Silberling"
tt0162222,"Cast Away",2000-12-22,7.6,85000000,233632142,427230516,"Robert Zemeckis"
tt0083722,"Cat People",1982-04-02,5.9,12500000,7000000,21000000,"Paul Schrader"
tt0337917,"Catch That Kid",2004-02-06,5.3,18000000,16703799,16959614,"Bart Freundlich"
tt0065528,Catch-22,1970-06-24,6.9,18000000,24911670,24911670,"Mike Nichols"
tt0239395,"Cats & Dogs",2001-07-04,5.2,60000000,93375151,200700000,"Lawrence Guterman"
tt0115857,"Chain Reaction",1996-08-02,5.5,55000000,21226204,60209334,"Andrew Davis"
tt0305357,"Charlie's Angels: Full Throttle",2003-06-27,5.4,120000000,100814328,227200000,McG
tt0452598,"Cheaper by the Dozen 2",2005-12-21,5.9,60000000,82571173,135015330,"Adam Shankman"
tt0371606,"Chicken Little",2005-11-04,5.8,150000000,135386665,310043823,"Mark Dindal"
tt0120630,"Chicken Run",2000-06-21,6.6,42000000,106793915,227793915,"Peter Lord, Nick Park"
tt0099253,"Child's Play 2",1990-11-09,5.9,13000000,26904572,34166572,"John Lafia"
tt1024715,Choke,2008-09-26,6.2,3400000,2926565,4124277,"Clark Gregg"
tt1684628,Circumstance,2011-08-26,6.9,900000,454121,958978,"Maryam Keshavarz"
tt0269095,"City By The Sea",2002-09-06,5.8,40000000,22433915,22433915,"Michael Caton-Jones"
tt0115907,"City Hall",1996-02-16,6.1,40000000,20278055,20278055,"Harold Becker"
tt0800320,"Clash of the Titans",2010-04-01,5.7,125000000,163214888,493214888,"Louis Leterrier"
tt0118863,"Clay Pigeons",1998-09-25,6.3,8000000,1793359,2256606,"David Dobkin"
tt0109444,"Clear and Present Danger",1994-08-03,6.6,62000000,122012656,207500000,"Phillip Noyce"
tt0075860,"Close Encounters of the Third Kind",1977-11-16,7.3,20000000,169100479,340800479,"Steven Spielberg"
tt1371111,"Cloud Atlas",2012-10-26,6.8,102000000,27108272,130673154,"Tom Tykwer, Lana Wachowski, Lilly Wachowski"
tt0331953,"Club Dread",2004-02-27,5.1,8500000,5001655,7573551,"Jay Chandrasekhar"
tt0080549,"Coal Miner's Daughter",1980-03-07,7.2,15000000,67182787,67182787,"Michael Apted"
tt0462229,"Code Name: The Cleaner",2007-01-05,4.6,20000000,8135024,8135024,"Les Mayfield"
tt5990474,Columbus,2017-08-04,7.2,700000,1017107,1110511,Kogonada
tt0112715,Congo,1995-06-09,5.2,50000000,81022333,152022333,"Frank Marshall"
tt0118883,"Conspiracy Theory",1997-08-08,6.5,80000000,76118990,142783718,"Richard Donner"
tt3813310,"Cop Car",2015-08-07,5.8,5000000,134552,143658,"Jon Watts"
tt1385867,"Cop Out",2010-02-26,5.4,37000000,44875481,55909910,"Kevin Smith"
tt0250310,"Corky Romano",2001-10-12,4.2,11000000,23978402,25116103,"Rob Pritts"
tt0306685,"Cradle 2 the Grave",2003-02-28,5.8,25000000,34657731,56434942,"Andrzej Bartkowiak"
tt0250224,Crazy/Beautiful,2001-06-29,6.5,13000000,16929123,19929123,"John Stockwell"
tt6343314,"Creed II",2018-11-21,6.7,50000000,115715889,213591522,"Steven Caple Jr."
tt0092796,"Creepshow 2",1987-05-01,6.1,3500000,14000000,14000000,"Michael Gornick"
tt0090555,"Crocodile Dundee",1986-09-26,6.3,8800000,174803506,328203506,"Peter Faiman"
tt0139134,"Cruel Intentions",1999-03-05,6.6,11000000,38665260,76238901,"Roger Kumble"
tt0112760,"Cutthroat Island",1995-12-22,5.8,92000000,10017322,18517322,"Renny Harlin"
tt1667307,"Damsels in Distress",2012-04-06,5.5,3000000,1007535,1324299,"Whit Stillman"
tt0099348,"Dances with Wolves",1990-11-09,7.8,19000000,184208842,424200000,"Kevin Costner"
tt0287978,Daredevil,2003-02-14,5.1,80000000,102543518,182782518,"Mark Steven Johnson"
tt0118929,"Dark City",1998-02-27,7.4,27000000,14435076,27257061,"Alex Proyas"
tt0382628,"Dark Water",2005-07-08,5.4,60000000,25473093,49473093,"Walter Salles"
tt4555426,"Darkest Hour",2017-11-22,7.3,30000000,56443120,150807172,"Joe Wright"
tt0282209,"Darkness Falls",2003-01-24,5.2,7000000,32539681,47289758,"Jonathan Liebesman"
tt0466342,"Date Movie",2006-02-17,3.8,20000000,48548426,85146165,"Aaron Seltzer, Jason Friedberg(co-director)"
tt0363547,"Dawn of the Dead",2004-03-19,6.9,28000000,58990765,103452875,"Zack Snyder"
tt0489018,"Day of the Dead",2008-04-08,5,18000000,0,0,"Steve Miner"
tt1079444,"Dead Like Me: Life After Death",2009-02-17,5.8,5000000,0,0,"Stephen Herek"
tt0118301,"Dead Man on Campus",1998-08-21,5.7,14000000,15064948,15064948,"Alan Cohn"
tt0097165,"Dead Poets Society",1989-06-02,8.3,16400000,95860116,239500000,"Peter Weir"
tt0804461,"Death Sentence",2007-08-31,6.5,20000000,9534258,16907831,"James Wan"
tt1137450,"Death Wish",2018-03-02,5.9,30000000,34017028,48575965,"Eli Roth"
tt0357585,Decoys,2004-02-27,4.9,5000000,84733,96760,"Matthew Hastings"
tt0231448,"Deuces Wild",2002-05-03,5.5,10000000,6044618,6244618,"Scott Kalvert"
tt0422093,"Diary of a Mad Black Woman",2005-02-25,6.5,5500000,50406346,50458356,"Darren Grant"
tt1196141,"Diary of a Wimpy Kid",2010-03-19,6,15000000,64003625,76954311,"Thor Freudenthal"
tt1650043,"Diary of a Wimpy Kid: Rodrick Rules",2011-03-25,6.4,18000000,52698535,73695194,"David Bowers"
tt6003368,"Diary of a Wimpy Kid: The Long Haul",2017-05-19,5.7,22000000,20738724,35609577,"David Bowers"
tt0325258,"Dickie Roberts: Former Child Star",2003-09-05,5.2,17000000,22734486,23734486,"Sam Weisman"
tt0120654,"Dirty Work",1998-06-12,6.4,13000000,10020081,10020081,"Bob Saget"
tt0059113,"Doctor Zhivago",1965-12-22,7.6,11000000,111897830,112036323,"David Lean"
tt0364725,"DodgeBall: A True Underdog Story",2004-06-18,6.2,30000000,114326736,167791704,"Rawson Marshall Thurber"
tt0120655,Dogma,1999-11-12,6.9,10000000,30651422,43948865,"Kevin Smith"
tt1564349,"Dolphin Tale",2011-09-23,6.8,37000000,72286779,96068724,"Charles Martin Smith"
tt0057007,"Donovan's Reef",1963-06-12,6.4,2686000,6600000,6600000,"John Ford"
tt0483607,Doomsday,2008-03-14,5.8,33000000,11008770,21621188,"Neil Marshall"
tt0187819,"Doug's 1st Movie",1999-03-26,5.4,5000000,19421271,19421271,"Maurice Joyce"
tt0231775,"Down to Earth",2001-02-16,5.2,30000000,64172251,71172251,"Chris Weitz, Paul Weitz"
tt0186975,"Down to You",2000-01-21,5,9000000,20035310,20035310,"Kris Isacsson"
tt1389072,Downsizing,2017-12-22,5.1,68000000,24449754,54462971,"Alexander Payne"
tt2265398,"Drinking Buddies",2013-08-23,6,500000,343706,407100,"Joe Swanberg"
tt0303933,Drumline,2002-12-13,6.2,20000000,56398162,56398162,"Charles Stone III"
tt0160236,"Dudley Do-Right",1999-08-27,3.7,22000000,9818792,9818792,"Hugh Wilson"
tt0087182,Dune,1984-12-14,6.4,45000000,27447471,27447471,"David Lynch"
tt0266489,Duplex,2003-09-26,6.1,40000000,9652000,10070651,"Danny DeVito"
tt0131369,Edtv,1999-03-26,6,60000000,22508689,35319689,"Ron Howard"
tt0271367,"Eight Legged Freaks",2002-07-17,5.4,30000000,17266505,36722311,"Ellory Elkayem"
tt0126886,Election,1999-04-23,6.8,8500000,14943582,17202854,"Alexander Payne"
tt0327679,"Ella Enchanted",2004-04-09,6.2,35000000,22913677,22913677,"Tommy O'Haver"
tt0116191,Emma,1996-08-02,6.8,5900000,22231658,37831658,"Douglas McGrath"
tt0262396,Empire,2002-12-06,6.4,3500000,17504595,18495444,"Franc. Reyes"
tt2390361,"Enough Said",2013-09-18,6.7,8000000,17550872,25621449,"Nicole Holofcener"
tt0238380,Equilibrium,2002-12-06,7,20000000,1190018,5345869,"Kurt Wimmer"
tt0079116,"Escape from Alcatraz",1979-06-22,7.5,8000000,43000000,43000000,"Don Siegel"
tt2187884,"Escape from Tomorrow",2013-10-11,4.8,650000,171962,171962,"Randy Moore"
tt0349416,Eulogy,2004-10-15,6.3,10000000,70527,70527,"Michael Clancy"
tt0119081,"Event Horizon",1997-08-15,6.4,60000000,26673242,26673242,"Paul W.S. Anderson"
tt0251075,Evolution,2001-06-08,5.9,80000000,38311134,98341932,"Ivan Reitman"
tt0116253,"Executive Decision",1996-03-15,6.1,55000000,56679192,122079192,"Stuart Baird"
tt0076009,"Exorcist II: The Heretic",1977-06-17,4.4,14000000,25011000,25011000,"John Boorman"
tt0116259,"Extreme Measures",1996-09-27,5.9,38000000,17378193,17378193,"Michael Apted"
tt0283160,"Extreme Ops",2002-11-27,4.7,40000000,4835968,12624471,"Christian Duguay"
tt0116260,"Eye for an Eye",1996-01-12,6,20000000,26792700,26792700,"John Schlesinger"
tt0120663,"Eyes Wide Shut",1999-07-16,7.4,65000000,55691208,104267443,"Stanley Kubrick"
tt0119094,Face/Off,1997-06-27,6.9,80000000,112276146,241200000,"John Woo"
tt0120669,"Fear and Loathing in Las Vegas",1998-05-22,7.2,18500000,10680275,13711903,"Terry Gilliam"
tt2671706,Fences,2016-12-16,6.8,24000000,57682904,64282881,"Denzel Washington"
tt0137523,"Fight Club",1999-10-15,8.4,65000000,37030102,100851705,"David Fincher"
tt0195714,"Final Destination",2000-03-17,6.5,23000000,53302314,112036870,"James Wong"
tt0309593,"Final Destination 2",2003-01-31,6.1,26000000,46896664,90396664,"David R. Ellis"
tt1129423,Fireproof,2008-09-26,7,500000,33456317,33473297,"Alex Kendrick"
tt0087262,Firestarter,1984-05-11,6.1,15000000,15136870,15136870,"Mark L. Lester"
tt0083944,"First Blood",1982-10-22,7.3,14000000,47212904,125212904,"Ted Kotcheff"
tt0361620,"First Daughter",2004-09-24,5.8,30000000,9055010,10419084,"Forest Whitaker"
tt0113071,"First Knight",1995-07-07,6,75000000,37361412,127361412,"Jerry Zucker"
tt6472976,"Five Feet Apart",2019-03-15,8.2,7000000,45729221,86881234,"Justin Baldoni"
tt0099587,"Flight of the Intruder",1991-01-18,5.7,35000000,14471440,14471440,"John Milius"
tt0377062,"Flight of the Phoenix",2004-12-17,5.9,75000000,21009180,34009180,"John Moore"
tt0454824,Flyboys,2006-09-22,6.4,60000000,13090630,14816379,"Tony Bill"
tt0356614,Foolproof,2003-10-03,6.3,5800000,230312,421021,"William Phillips"
tt0087277,Footloose,1984-02-17,6.6,8200000,80000000,80000000,"Herbert Ross"
tt1405500,"For Colored Girls",2010-11-05,6.8,21000000,37729698,38017873,"Tyler Perry"
tt0109830,"Forrest Gump",1994-07-06,8.4,55000000,330151138,679850637,"Robert Zemeckis"
tt2347569,"Frances Ha",2013-05-17,7.4,3000000,4067398,11262769,"Noah Baumbach"
tt0329101,"Freddy vs. Jason",2003-08-15,5.8,25000000,82622655,114576403,"Ronny Yu"
tt0106965,"Free Willy",1993-07-16,6,20000000,77698625,153698625,"Simon Wincer"
tt0116361,Freeway,1996-08-23,6.5,3000000,295493,295493,"Matthew Bright"
tt0293815,"Friday After Next",2002-11-22,6.1,10000000,33253609,33526835,"Marcus Raboy"
tt0390022,"Friday Night Lights",2004-10-08,6.9,30000000,61255921,61950770,"Peter Berg"
tt0080761,"Friday the 13th",1980-05-09,6.3,550000,39754601,59754601,"Sean S. Cunningham"
tt0091080,"Friday the 13th Part VI: Jason Lives",1986-08-01,5.9,3000000,19472057,19472057,"Tom McLoughlin"
tt0369441,"Fun with Dick and Jane",2005-12-21,6,140000000,110550000,203018919,"Dean Parisot"
tt1201167,"Funny People",2009-07-31,5.7,72500000,51855045,71880305,"Judd Apatow"
tt0791304,"Georgia Rule",2007-05-11,5.8,20000000,18882880,20819601,"Garry Marshall"
tt0208988,"Get Carter",2000-10-06,5,40000000,14967182,19417182,"Stephen Kay"
tt0116404,"Get on the Bus",1996-10-16,7.3,2400000,5691854,5691854,"Spike Lee"
tt0107007,Gettysburg,1993-10-08,6.9,25000000,10731997,10731997,"Ron Maxwell"
tt0995039,"Ghost Town",2008-09-19,6.4,20000000,13367624,29958228,"David Koepp"
tt0087332,Ghostbusters,1984-06-08,7.4,30000000,242212467,295212467,"Ivan Reitman"
tt0299930,Gigli,2003-08-01,3.6,54000000,6087542,7126002,"Martin Brest"
tt0172493,"Girl, Interrupted",1999-12-21,7.6,24000000,28871190,28871190,"James Mangold"
tt3564472,"Girls Trip",2017-07-21,6.8,28000000,115108515,140886353,"Malcolm D. Lee"
tt0119217,"Good Will Hunting",1997-12-05,8.1,10000000,138433435,225925989,"Gus Van Sant"
tt0176783,Gossip,2000-04-21,5.5,14000000,5108820,12591270,"Davis Guggenheim"
tt0082467,"Graduation Day",1981-05-01,5,250000,23894000,23894000,"Herb Freed"
tt6966692,"Green Book",2018-11-16,8.3,23000000,85080171,322983680,"Peter Farrelly"
tt0099700,"Gremlins 2: The New Batch",1990-06-15,6.4,50000000,41476097,41476097,"Joe Dante"
tt0462322,Grindhouse,2007-04-06,6.9,53000000,25031037,50187789,"Robert Rodriguez, Eli Roth, Quentin Tarantino, Edg"
tt1661382,"Grudge Match",2013-12-25,6,40000000,29807260,69807260,"Peter Segal"
tt0475290,"Hail, Caesar!",2016-02-05,5.9,22000000,30080225,64160680,"Ethan Coen, Joel Coen"
tt0297162,"Half Past Dead",2002-11-15,4.8,25000000,15567860,19233280,"Don Michael Paul"
tt0448157,Hancock,2008-07-01,6.2,150000000,227946274,624234272,"Peter Berg"
tt1781827,"Hands of Stone",2016-08-26,6.1,20000000,4712792,5031975,"Jonathan Jakubowicz"
tt0147612,Happiness,1998-10-16,7.5,3000000,2746453,5746453,"Todd Solondz"
tt8155288,"Happy Death Day 2U",2019-02-13,6.2,9000000,28051045,64187523,"Christopher Landon"
tt0097481,"Harlem Nights",1989-11-17,6,30000000,60857262,95857262,"Eddie Murphy"
tt0481536,"Harold & Kumar Escape from Guantanamo Bay",2008-04-25,6.2,12000000,38108728,43353117,"Jon Hurwitz, Hayden Schlossberg"
tt0060490,Harper,1966-02-23,6.6,3500000,12000000,12000000,"Jack Smight"
tt1001508,"He's Just Not That Into You",2009-02-06,6.4,40000000,93953653,181053657,"Ken Kwapis"
tt0325537,"Head of State",2003-03-28,5.5,35200000,37788228,38283765,"Chris Rock"
tt0192111,"Head Over Heels",2001-02-02,5.6,14000000,10397365,10397365,"Mark Waters"
tt0125022,Heartbreakers,2001-03-23,5.9,38000000,40334024,57753825,"David Mirkin"
tt7158430,"Hearts Beat Loud",2018-06-08,7.4,2000000,2386254,2420962,"Brett Haley"
tt1929263,"Heaven is for Real",2014-04-16,6.3,12000000,91386097,100916299,"Randall Wallace"
tt0080855,"Heaven's Gate",1980-11-19,6.7,44000000,3484331,3484523,"Michael Cimino"
tt0082509,"Heavy Metal",1981-08-07,6.3,9300000,19571091,19571091,"Gerald Potterton, John Bruno, John Halas, Julian H"
tt0167190,Hellboy,2004-04-02,6.6,60000000,59623958,99823958,"Guillermo del Toro"
tt0411477,"Hellboy II: The Golden Army",2008-07-11,6.7,82500000,75986503,160388063,"Guillermo del Toro"
tt0314166,"Hey Arnold! The Movie",2002-06-28,5.6,10000000,13684949,13684949,"Tuck Tucker"
tt0257756,"High Crimes",2002-04-05,6.2,42000000,41543207,63781100,"Carl Franklin"
tt0091203,Highlander,1986-03-07,6.9,16000000,5900000,12900000,"Russell Mulcahy"
tt0465494,Hitman,2007-11-21,5.9,24000000,39687694,99135571,"Xavier Gens"
tt1640459,"Hobo with a Shotgun",2011-05-06,5.9,3000000,703372,834953,"Jason Eisener"
tt0278823,"Hollywood Ending",2002-05-03,6.5,16000000,4839383,14839383,"Woody Allen"
tt1255919,"Holmes & Watson",2018-12-25,4.3,42000000,30568743,41926605,"Etan Cohen"
tt0299172,"Home on the Range",2004-04-02,5.9,110000000,50026353,76482461,"Will Finn, John Sanford"
tt0102057,Hook,1991-12-11,6.8,70000000,119654823,300854823,"Steven Spielberg"
tt0119313,"Hope Floats",1998-05-29,6.1,30000000,60110313,81529000,"Forest Whitaker"
tt0450278,Hostel,2006-01-06,5.8,4800000,47326473,82241110,"Eli Roth"
tt0498353,"Hostel: Part II",2007-06-08,5.7,7500000,17544812,33606409,"Eli Roth"
tt2967224,"Hot Pursuit",2015-05-08,5.6,35000000,34580201,45671512,"Anne Fletcher"
tt0787475,"Hot Rod",2007-08-03,6.3,25000000,13938332,14334401,"Akiva Schaffer"
tt0785006,"Hotel for Dogs",2009-01-16,5.9,35000000,73178547,122357172,"Thor Freudenthal"
tt0102065,"House Party 2",1991-10-23,4.9,5000000,19438638,19438638,"George Jackson, Doug McHenry"
tt0033729,"How Green Was My Valley",1941-10-28,7.3,1250000,0,0,"John Ford"
tt0104454,"Howards End",1992-03-13,7.2,8000000,26124872,26317943,"James Ivory"
tt0057163,Hud,1963-05-29,7.5,2500000,10000000,10000000,"Martin Ritt"
tt0410097,"Hustle & Flow",2005-07-22,7,2800000,22202809,23591783,"Craig Brewer"
tt0130018,"I Still Know What You Did Last Summer",1998-11-13,5.2,24000000,40020622,40020622,"Danny Cannon"
tt0770772,"I Think I Love My Wife",2007-03-16,5.2,14000000,12559771,13205411,"Chris Rock"
tt5580036,"I, Tonya",2017-12-08,7.5,11000000,30014534,53797409,"Craig Gillespie"
tt0309698,Identity,2003-04-25,7.2,28000000,52131264,82183683,"James Mangold"
tt0120710,"In Dreams",1999-01-15,5.5,30000000,12017369,12017369,"Neil Jordan"
tt4411618,"In Dubious Battle",2017-02-17,5.8,15000000,0,214182,"James Franco"
tt0385267,"In Good Company",2004-12-29,5.9,26000000,45489752,63489752,"Paul Weitz"
tt0247425,"In the Bedroom",2001-11-23,6.9,1700000,35930604,42137871,"Todd Field"
tt0061811,"In the Heat of the Night",1967-08-02,7.8,2000000,24379978,24407647,"Norman Jewison"
tt1714209,"In the Land of Blood and Honey",2011-12-23,6.1,13000000,303877,509193,"Angelina Jolie"
tt0160401,"In Too Deep",1999-08-25,6.8,7000000,14026509,15471229,"Michael Rymer"
tt0418753,"Inside Deep Throat",2005-02-11,6.7,2000000,691880,691880,"Fenton Bailey, Randy Barbato"
tt1645089,"Inside Job",2010-10-08,7.8,2000000,4311834,7799257,"Charles Ferguson"
tt0278504,Insomnia,2002-05-24,6.9,46000000,67263182,113622499,"Christopher Nolan"
tt7401588,"Instant Family",2018-11-16,7.6,48000000,67363237,119736188,"Sean Anders"
tt0280778,Iris,2001-12-14,6.5,5500000,5580479,5580479,"Richard Eyre"
tt0093278,Ishtar,1987-05-15,4.4,40000000,14375181,14375181,"Elaine May"
tt0025316,"It Happened One Night",1934-02-22,7.9,325000,2500000,2500000,"Frank Capra"
tt2176013,"Jab Tak Hai Jaan",2012-11-13,7,9200000,3047539,5806666,"Yash Chopra"
tt1619029,Jackie,2016-12-02,6.4,9000000,13960394,36588512,"Pablo Larraín"
tt0107254,"Jason Goes to Hell: The Final Friday",1993-08-13,4.3,3000000,15935068,15935068,"Adam Marcus"
tt0077766,"Jaws 2",1978-06-16,5.9,20000000,102922376,208900376,"Jeannot Szwarc"
tt1131734,"Jennifer's Body",2009-09-18,5.4,16000000,16204793,31943401,"Karyn Kusama"
tt2357129,Jobs,2013-08-16,6.1,18000000,16131410,43402515,"Joshua Michael Stern"
tt2382396,Joe,2014-04-11,6.6,4000000,373375,373375,"David Gordon Green"
tt0359517,"Johnson Family Vacation",2004-04-07,4.6,12000000,31203964,31286759,"Christopher Erskin"
tt0206314,"Joy Ride",2001-10-05,6.4,23000000,21973182,21973182,"John Dahl"
tt0113497,Jumanji,1995-12-15,7.2,65000000,100458310,262758310,"Joe Johnston"
tt1640484,"Jumping the Broom",2011-05-06,5.9,7000000,37295394,38158601,"Salim Akil"
tt0467406,Juno,2007-12-05,7,7000000,143495265,231450102,"Jason Reitman"
tt0107290,"Jurassic Park",1993-06-11,7.9,63000000,395708305,1038812584,"Steven Spielberg"
tt0425123,"Just Like Heaven",2005-09-16,6.8,58000000,48318130,100687083,"Mark Waters"
tt0397078,"Just My Luck",2006-05-12,6,28000000,17326650,38159905,"Donald Petrie"
tt0189192,"Just Visiting",2001-04-06,4.6,40000000,4777007,16172200,"Jean-Marie Poiré"
tt1407061,"Just Wright",2010-05-14,6.2,12000000,21540363,21867665,"Sanaa Hamri"
tt0267626,"K-19: The Widowmaker",2002-07-19,6.4,90000000,35168966,65716126,"Kathryn Bigelow"
tt4669186,"Kevin Hart: What Now?",2016-10-14,6.6,10000000,23591043,23591043,"Leslie Small, Tim Story"
tt1448755,"Killer Elite",2011-09-23,6.2,70000000,25124986,65409046,"Gary McKendry"
tt0099938,"Kindergarten Cop",1990-12-21,5.9,26000000,91457688,202000000,"Ivan Reitman"
tt0271027,"Kiss of the Dragon",2001-07-06,6.6,25000000,36833473,36833473,"Chris Nahon"
tt1198101,Kites,2010-05-21,5.9,9200000,1685269,17155193,"Anurag Basu, Sunil Subramani"
tt4266638,Krisha,2016-03-18,6.8,30000,144822,144822,"Trey Edward Shults"
tt0119485,Kundun,1997-12-25,7,28000000,5686694,5686694,"Martin Scorsese"
tt0457400,"Land of the Lost",2009-06-05,5.4,100000000,49438370,69548641,"Brad Silberling"
tt0408985,"Last Holiday",2006-01-13,6.6,45000000,38399961,43343247,"Wayne Wang"
tt1212450,Lawless,2012-08-29,7,26000000,37397291,54393687,"John Hillcoat"
tt5340300,"Lean on Pete",2018-04-06,7,8000000,1163056,2455027,"Andrew Haigh"
tt0113627,"Leaving Las Vegas",1995-10-27,7.2,4000000,31983777,49800000,"Mike Figgis"
tt2467046,"Left Behind",2014-10-03,4,16000000,14019924,20769209,"Vic Armstrong"
tt0333780,"Legally Blonde 2: Red, White & Blonde",2003-07-02,5.4,25000000,90639088,125339088,"Charles Herman-Wurmfeld"
tt1228987,"Let Me In",2010-10-01,6.7,20000000,12134935,28270399,"Matt Reeves"
tt1462054,"Letters to God",2010-04-09,6.9,3000000,2848587,3237452,"David Nixon, Patrick Doughtie(co-director)"
tt0892318,"Letters to Juliet",2010-05-14,6.9,30000000,53032453,82148538,"Gary Winick"
tt0089489,Lifeforce,1985-06-21,6.3,25000000,11603545,11603545,"Tobe Hooper"
tt0361841,"Little Black Book",2004-08-06,5.3,30000000,20422207,21758371,"Nick Hurran"
tt0404203,"Little Children",2006-10-06,7.2,14000000,5463019,14121177,"Todd Field"
tt0091419,"Little Shop of Horrors",1986-12-19,6.8,30000000,38747385,38747385,"Frank Oz"
tt0110367,"Little Women",1994-12-21,7.2,15000000,50003303,50003303,"Gillian Armstrong"
tt2361317,"Live by Night",2016-12-25,6.2,65000000,10378555,21774432,"Ben Affleck"
tt0116905,"Lone Star",1996-06-21,7.1,5000000,12961389,12961389,"John Sayles"
tt0085862,"Lone Wolf McQuade",1983-04-15,6,5000000,12232628,12232628,"Steve Carver"
tt0120738,"Lost in Space",1998-04-03,5.2,80000000,69117629,136047317,"Stephen Hopkins"
tt0160484,"Lost Souls",2000-10-13,4.9,28000000,16779636,31320293,"Janusz Kaminski"
tt0899106,"Love Happens",2009-09-18,5.9,18000000,22965110,36133014,"Brandon Camp"
tt0219952,"Lucky Numbers",2000-10-27,4.9,65000000,10014234,10014234,"Nora Ephron"
tt2872732,Lucy,2014-07-25,6.3,40000000,126573960,457507776,"Luc Besson"
tt1470023,MacGruber,2010-05-21,5.3,10000000,8525600,8629895,"Jorma Taccone"
tt1586752,"Machine Gun Preacher",2011-09-23,6.5,30000000,538690,3721988,"Marc Forster"
tt0119592,"Mad City",1997-11-07,6.1,50000000,10561038,10561038,Costa-Gavras
tt0438205,"Mad Hot Ballroom",2005-05-13,7.3,500000,8117961,9387581,"Marilyn Agrelo"
tt0227005,Made,2001-07-13,6.2,5000000,5308707,5476060,"Jon Favreau"
tt0104797,"Malcolm X",1992-11-18,7.5,35000000,48169910,48169910,"Spike Lee"
tt0093483,Malone,1987-05-01,6.5,10000000,3000000,3000000,"Harley Cokeliss"
tt0125664,"Man on the Moon",1999-12-22,7.2,52000000,34580635,47407635,"Milos Forman"
tt4034228,"Manchester by the Sea",2016-11-18,7.5,8500000,47695371,77733867,"Kenneth Lonergan"
tt0822832,"Marley & Me",2008-12-25,7.2,60000000,143153751,247812011,"David Frankel"
tt0415965,"Martian Child",2007-11-02,6.7,27000000,7500310,9352089,"Menno Meyjes"
tt0311113,"Master and Commander: The Far Side of the World",2003-11-14,7.1,135000000,93926386,212912137,"Peter Weir"
tt3369806,Max,2015-06-26,6.8,20000000,42656255,43658157,"Boaz Yakin"
tt0273799,"Max Keeble's Big Move",2001-10-05,5.5,12000000,17292381,17292381,"Tim Hill"
tt2582496,"Me and Earl and the Dying Girl",2015-06-12,7.6,8000000,6758416,9266180,"Alfonso Gomez-Rejon"
tt0415978,"Me and You and Everyone We Know",2005-06-17,7.2,2000000,3885134,9615464,"Miranda July"
tt4191580,"Meet the Blacks",2016-04-01,4.3,900000,9097072,9097072,"Deon Taylor"
tt0120645,"Meet the Deedles",1998-03-27,4.1,24000000,4356126,4356126,"Steve Boyum"
tt0107554,"Menace II Society",1993-05-26,7.4,3500000,27731527,27731527,"Albert Hughes, Allen Hughes"
tt0120749,"Mercury Rising",1998-04-03,6.2,60000000,32983332,32983332,"Harold Becker"
tt0064665,"Midnight Cowboy",1969-05-25,7.6,3600000,44785053,44785053,"John Schlesinger"
tt0119668,"Midnight in the Garden of Good and Evil",1997-11-21,6.4,35000000,25078937,25078937,"Clint Eastwood"
tt1013753,Milk,2008-11-26,7.3,20000000,31841299,57293371,"Gus Van Sant"
tt0405159,"Million Dollar Baby",2004-12-15,7.9,30000000,100492203,231928227,"Clint Eastwood"
tt0790686,Mirrors,2008-08-15,6.1,35000000,30691439,77220596,"Alexandre Aja"
tt3658772,Misconduct,2016-02-05,5.5,11000000,0,2352511,"Shintaro Shimosawa"
tt4540710,"Miss Sloane",2016-11-25,7.5,18000000,3500605,7719630,"John Madden"
tt0100168,"Mo' Better Blues",1990-08-03,6.5,10000000,16153000,16153000,"Spike Lee"
tt0049513,"Moby Dick",1956-06-27,6.9,4500000,10400000,10400000,"John Huston"
tt0082763,"Modern Problems",1981-12-25,5.3,8000000,24474312,24474312,"Ken Shapiro"
tt0082766,"Mommie Dearest",1981-09-18,6.6,5000000,19032000,25032000,"Frank Perry"
tt0119695,"Money Talks",1997-08-22,5.9,25000000,41076865,41076865,"Brett Ratner"
tt0166276,Monkeybone,2001-02-23,4.4,75000000,5409517,5409517,"Henry Selick"
tt0340855,Monster,2003-12-24,7.2,5000000,34469210,64240813,"Patty Jenkins"
tt0385880,"Monster House",2006-07-21,6.5,75000000,73661010,141267370,"Gil Kenan"
tt1067774,"Monte Carlo",2011-07-01,6.3,20000000,23186769,39686769,"Thomas Bezucha"
tt0280590,"Mr. Deeds",2002-06-28,5.7,50000000,126293452,171269535,"Steven Brill"
tt0107614,"Mrs. Doubtfire",1993-11-24,7.1,25000000,219195051,441286003,"Chris Columbus"
tt0408306,Munich,2005-12-23,7.1,75000000,47379090,131492772,"Steven Spielberg"
tt1046163,"My Best Friend's Girl",2008-09-19,5.6,20000000,19219250,34787111,"Howard Deutch"
tt0104952,"My Cousin Vinny",1992-03-13,7.4,11000000,52929168,52929168,"Jonathan Lynn"
tt0102492,"My Girl",1991-11-27,7.1,16500000,58011485,58011485,"Howard Zieff"
tt0865559,"My Life in Ruins",2009-06-05,5.8,17000000,8677425,20477425,"Donald Petrie"
tt1655420,"My Week with Marilyn",2011-11-23,6.7,10000000,14597405,34240572,"Simon Curtis"
tt0457510,"Nacho Libre",2006-06-16,5.6,32000000,80197993,99296462,"Jared Hess"
tt0479500,"Nancy Drew",2007-06-15,5.7,20000000,25584685,30703845,"Andrew Fleming"
tt1754264,"Never Back Down 2: The Beatdown",2011-09-13,6,3000000,0,0,"Michael Jai White"
tt1334260,"Never Let Me Go",2010-09-15,6.8,15000000,2434652,11173718,"Mark Romanek"
tt0086006,"Never Say Never Again",1983-10-07,6.1,36000000,55500000,160000000,"Irvin Kershner"
tt0363282,"New York Minute",2004-05-07,5.8,40000000,14018364,21215882,"Dennie Gordon"
tt0063350,"Night of the Living Dead",1968-10-01,7.7,114000,12087064,30087064,"George A. Romero"
tt1781922,"No Escape",2015-08-26,6.8,5000000,27288872,42844516,"John Erick Dowdle"
tt0119807,"Nothing to Lose",1997-07-18,6.5,25000000,44480039,64594061,"Steve Oedekerk"
tt0038787,Notorious,1946-08-15,7.9,2000000,24464742,24464742,"Alfred Hitchcock"
tt0107711,"Nowhere to Run",1993-01-15,5.7,15000000,22189039,52189039,"Robert Harmon"
tt1198138,Obsessed,2009-04-24,5.6,20000000,68261644,73964713,"Steve Shill"
tt2910274,"Obvious Child",2014-06-06,6.7,1000000,3122616,3324070,"Gillian Robespierre"
tt0240772,"Ocean's Eleven",2001-12-07,7.3,85000000,183417150,450728529,"Steven Soderbergh"
tt0151804,"Office Space",1999-02-19,7.4,10000000,10827813,12179708,"Mike Judge"
tt4669788,"On the Basis of Sex",2018-12-25,7.5,20000000,24622687,38803610,"Mimi Leder"
tt0479968,"One Missed Call",2008-01-04,4.8,20000000,26890041,44513466,"Eric Valette"
tt0120776,"One True Thing",1998-09-18,6.6,30000000,23337196,26708196,"Carl Franklin"
tt0081283,"Ordinary People",1980-09-19,7.6,6000000,52302978,52302978,"Robert Redford"
tt1305583,"Our Family Wedding",2010-03-12,5.4,14000000,20255281,21410546,"Rick Famuyiwa"
tt1637706,"Our Idiot Brother",2011-08-26,6.1,5000000,24814830,25861249,"Jesse Peretz"
tt0253798,"Out Cold",2001-11-21,5.8,11000000,13906394,14786394,"Brendan Malloy, Emmett Malloy"
tt0064782,"Paint Your Wagon",1969-10-15,6.4,20000000,31678778,31678778,"Joshua Logan"
tt0089767,"Pale Rider",1985-06-28,7.1,6900000,41410568,41410568,"Clint Eastwood"
tt1355644,Passengers,2016-12-21,6.9,110000000,100014699,302239672,"Morten Tyldum"
tt0129290,"Patch Adams",1998-12-25,7.2,50000000,135014968,202173000,"Tom Shadyac"
tt6288250,"Patti Cake$",2017-08-18,7,1000000,800148,1471090,"Geremy Jasper"
tt0120784,Payback,1999-02-05,6.8,50000000,81526121,161626121,"Brian Helgeland"
tt0338337,Paycheck,2003-12-25,6.1,60000000,53789313,98819789,"John Woo"
tt0110759,PCU,1994-04-29,6.3,9000000,4333569,4333569,"Hart Bochner"
tt1716777,"People Like Us",2012-06-29,6.8,16000000,12431792,12617472,"Alex Kurtzman"
tt0098084,"Pet Sematary",1989-04-21,6.5,11500000,57469179,57469179,"Mary Lambert"
tt0316396,"Peter Pan",2003-12-25,7.1,100000000,48417850,95255485,"P.J. Hogan"
tt0095863,"Phantasm II",1988-07-08,6.3,3000000,7282851,7282851,"Don Coscarelli"
tt0117333,Phenomenon,1996-07-05,6.3,32000000,104636382,152036382,"Jon Turteltaub"
tt0091763,Platoon,1986-12-19,7.7,6000000,137963328,137978395,"Oliver Stone"
tt2226519,Plush,2013-09-13,5.8,2000000,3080,28864,"Catherine Hardwicke"
tt0102685,"Point Break",1991-07-12,7.1,24000000,43218387,83531958,"Kathryn Bigelow"
tt0084516,Poltergeist,1982-06-04,7.1,10700000,74706019,121706019,"Tobe Hooper"
tt0081353,Popeye,1980-12-12,5.2,20000000,49823037,49823037,"Robert Altman"
tt0409182,Poseidon,2006-05-12,5.7,160000000,60674817,181674817,"Wolfgang Petersen"
tt0120791,"Practical Magic",1998-10-16,6.5,60000000,46850558,68336997,"Griffin Dunne"
tt1547234,"Premium Rush",2012-08-24,6.2,35000000,20275446,31393201,"David Koepp"
tt0390384,Primer,2004-10-08,6.9,7000,424760,841926,"Shane Carruth"
tt0155975,Psycho,1998-12-04,5.1,20000000,21541218,37226218,"Gus Van Sant"
tt1152836,"Public Enemies",2009-07-01,6.6,102500000,97104620,212282709,"Michael Mann"
tt0454919,Pulse,2006-08-11,4.9,20500000,20264436,30241435,"Jim Sonzero"
tt0450314,"Punisher: War Zone",2008-12-05,5.7,35000000,8050977,10157534,"Lexi Alexander"
tt0120800,"Quest for Camelot",1998-05-15,6.9,40000000,22772500,38172500,"Frederik Du Chau"
tt0180073,Quills,2000-11-22,6.9,13500000,7060876,11732088,"Philip Kaufman"
tt3499096,Race,2016-02-19,7.3,5000000,19115191,23745772,"Stephen Hopkins"
tt1084950,"Rachel Getting Married",2008-10-03,6.2,12000000,12796861,17475475,"Jonathan Demme"
tt0156934,"Random Hearts",1999-10-08,5.4,64000000,31054924,63200000,"Sydney Pollack"
tt0376108,Rebound,2005-07-01,5.2,45000000,16809014,17492014,"Steve Carr"
tt1486185,"Red Riding Hood",2011-03-11,5.9,42000000,37662162,91678442,"Catherine Hardwicke"
tt0040724,"Red River",1948-08-26,7.3,3000000,9012000,9012000,"Howard Hawks, Arthur Rosson(co-director)"
tt0184858,"Reindeer Games",2000-02-25,5.5,36000000,23360779,23360779,"John Frankenheimer"
tt1403981,"Remember Me",2010-03-12,7,16000000,19068240,56506120,"Allen Coulter"
tt0210945,"Remember the Titans",2000-09-29,7.6,30000000,115654751,136706683,"Boaz Yakin"
tt0110971,"Renaissance Man",1994-06-03,6.1,40000000,24172899,24172899,"Penny Marshall"
tt0499554,"Reno 911!: Miami",2007-02-23,5.8,10000000,20342161,21851362,"Robert Ben Garant"
tt0180093,"Requiem for a Dream",2000-10-06,8,4500000,3635482,7389233,"Darren Aronofsky"
tt1498569,Restless,2011-09-16,6.4,8000000,163753,2772511,"Gus Van Sant"
tt0122459,"Return to Me",2000-04-07,6.3,24000000,32662299,32662299,"Bonnie Hunt"
tt0089908,"Return to Oz",1985-06-21,6.6,27000000,10618813,10618813,"Walter Murch"
tt0134154,"Ride with the Devil",1999-11-24,6.5,35000000,630779,630779,"Ang Lee"
tt0389326,"Riding Giants",2004-07-09,8,2600000,2276368,3292333,"Stacy Peralta"
tt0075147,"Robin and Marian",1976-03-11,6.6,5000000,8000000,8000000,"Richard Lester"
tt0093870,RoboCop,1987-07-17,7.2,13000000,53424681,53424681,"Paul Verhoeven"
tt1434447,"Rocket Singh: Salesman of the Year",2009-12-11,6.8,1070000,164649,5348767,"Shimit Amin"
tt0246894,Rollerball,2002-02-08,3.8,70000000,18990542,25852508,"John McTiernan"
tt0122690,Ronin,1998-09-25,6.9,55000000,41610884,70692101,"John Frankenheimer"
tt3170832,Room,2015-10-16,8.1,13000000,14677674,36262783,"Lenny Abrahamson"
tt0337711,"Rugrats Go Wild",2003-06-13,5.6,25000000,39402572,55443032,"John Eng, Norton Virgien"
tt0160797,"Rules of Engagement",2000-04-07,6.1,60000000,61322858,71719931,"William Friedkin"
tt1979320,Rush,2013-09-02,7.7,38000000,26947624,98230839,"Ron Howard"
tt0120812,"Rush Hour",1998-09-18,6.8,35000000,141186864,245300000,"Brett Ratner"
tt0114319,Sabrina,1995-12-15,6.2,58000000,53458319,87100000,"Sydney Pollack"
tt1862079,"Safety Not Guaranteed",2012-06-08,6.9,750000,4010957,4422318,"Colin Trevorrow"
tt0028216,"San Francisco",1936-06-26,6.9,1300000,2868000,5273000,"W.S. Van Dyke"
tt0120815,"Saving Private Ryan",1998-07-24,8.1,65000000,216335085,485035085,"Steven Spielberg"
tt0257106,"Scary Movie 2",2001-07-04,5.6,45000000,71277420,141189101,"Keenen Ivory Wayans"
tt0096054,"School Daze",1988-02-12,6.5,6000000,14545844,14545844,"Spike Lee"
tt0156323,Screwed,2000-05-12,5.5,12000000,6982680,6982680,"Scott Alexander, Larry Karaszewski"
tt0327137,"Secondhand Lions",2003-09-19,7.1,30000000,42070939,47902566,"Tim McCanlies"
tt0250720,"See Spot Run",2001-03-02,4.8,16000000,33357476,43057552,"John Whitesell"
tt0379786,Serenity,2005-09-03,7.4,39000000,25514517,40319440,"Joss Whedon"
tt0111127,"Serial Mom",1994-04-13,6.6,13000000,7881335,7881335,"John Waters"
tt0117608,"Sgt. Bilko",1996-03-29,5.7,39000000,30356589,37956589,"Jonathan Lynn"
tt4463894,Shaft,2019-06-14,6.5,30000000,21258694,21258694,"Tim Story"
tt0138097,"Shakespeare in Love",1998-12-11,6.9,26000000,100317794,279500000,"John Madden"
tt1633356,"Shark Night 3D",2011-09-02,5,25000000,18877153,18877153,"David R. Ellis"
tt0091939,"She's Gotta Have It",1986-08-08,6.7,175000,7137502,7137502,"Spike Lee"
tt0088103,Sheena,1984-08-17,5.2,25000000,5778353,5778353,"John Guillermin"
tt0423169,Sherrybaby,2006-09-08,6.5,2000000,199176,759504,"Laurie Collyer"
tt2582500,"Shut In",2016-11-11,5.2,10000000,6900335,11360665,"Farren Blackburn"
tt0286106,Signs,2002-08-02,6.5,70702619,227969295,408269295,"M. Night Shyamalan"
tt0145893,"Simply Irresistible",1999-02-05,5.2,6000000,4398989,4398989,"Mark Tarlov"
tt0401792,"Sin City",2005-04-01,7.4,40000000,74103820,158527918,"Frank Miller, Robert Rodriguez, Quentin Tarantino"
tt1850457,Sisters,2015-12-18,5.9,30000000,87044645,106030660,"Jason Moore"
tt0405325,"Sky High",2005-07-29,6,35000000,63939454,83109359,"Mike Mitchell"
tt0070707,Sleeper,1973-12-17,7.1,2000000,18344729,18344729,"Woody Allen"
tt0117665,Sleepers,1996-10-18,7.5,44000000,53300852,165600852,"Barry Levinson"
tt0368975,Sleepover,2004-07-09,5.5,10000000,9408183,9408183,"Joe Nussbaum"
tt0196216,"Small Time Crooks",2000-05-19,6.5,18000000,17266359,29934477,"Woody Allen"
tt0453548,"Snow Angels",2008-03-07,6.5,1500000,402858,414404,"David Gordon Green"
tt0184907,"Snow Day",2000-02-11,5,13000000,60008303,62452927,"Chris Koch"
tt0307479,Solaris,2002-11-27,6,47000000,14970038,14970038,"Steven Soderbergh"
tt0337741,"Something's Gotta Give",2003-12-12,6.5,80000000,124685242,266685242,"Nancy Meyers"
tt3210686,"Son of God",2014-02-28,6.4,22000000,59700064,70949793,"Christopher Spencer"
tt0076740,Sorcerer,1977-06-24,7.5,21600000,12000000,12005968,"William Friedkin"
tt5688932,"Sorry to Bother You",2018-07-06,6.9,3200000,17493096,18285560,"Boots Riley"
tt1596346,"Soul Surfer",2011-04-08,7,18000000,43853424,47158652,"Sean McNamara"
tt0094012,Spaceballs,1987-06-24,6.8,22700000,38119483,38119483,"Mel Brooks"
tt0100666,"Spaced Invaders",1990-04-27,4.7,3000000,15000000,15000000,"Patrick Read Johnson"
tt0371246,Spanglish,2004-12-17,5.9,75000000,42044321,54344321,"James L. Brooks"
tt0114508,Species,1995-07-07,5.7,35000000,60054449,113354449,"Roger Donaldson"
tt0166813,"Spirit: Stallion of the Cimarron",2002-05-24,7.6,80000000,73215310,106515310,"Kelly Asbury, Lorna Cook"
tt0105459,"Split Second",1992-05-01,6,7000000,5430822,5430822,"Tony Maylam"
tt0098382,"Star Trek V: The Final Frontier",1989-06-09,5.7,30000000,52210049,70200000,"William Shatner"
tt0120201,"Starship Troopers",1997-11-07,6.8,100000000,54768952,121100000,"Paul Verhoeven"
tt0120686,Stepmom,1998-12-25,7,50000000,91137662,159745279,"Chris Columbus"
tt0102984,"Stone Cold",1991-05-17,5.8,25000000,9286314,9286314,"Craig R. Baxley"
tt0489281,Stop-Loss,2008-03-28,6.2,25000000,10915744,11229035,"Kimberly Peirce"
tt0489282,"Strange Wilderness",2008-02-01,5,20000000,6575282,6947084,"Fred Wolf"
tt2325977,Strangerland,2015-07-01,5.2,10000000,17472,161097,"Kim Farrant"
tt0999913,"Straw Dogs",2011-09-16,5.7,25000000,10324441,11253821,"Rod Lurie"
tt3881784,Stronger,2017-09-22,7,30000000,4211129,8786287,"David Gordon Green"
tt0243585,"Stuart Little 2",2002-07-19,5.6,120000000,64956806,166000000,"Rob Minkoff"
tt3300572,Stung,2015-07-03,5.1,2500000,0,0,"Benni Diez"
tt4832640,Sultan,2016-07-06,7.1,11000000,5599781,72989781,"Ali Abbas Zafar"
tt0108255,"Super Mario Bros.",1993-05-28,4.1,42000000,20844907,20844907,"Annabel Jankel, Rocky Morton"
tt0348150,"Superman Returns",2006-06-28,5.5,232000000,200120000,374085065,"Bryan Singer"
tt0134983,Supernova,2000-01-14,4.8,60000000,14218868,14816494,"Walter Hill"
tt0976247,"Surfer, Dude",2008-09-05,4.3,6000000,36497,36497,"S.R. Bindler"
tt0324127,"Suspect Zero",2004-08-27,5.5,27000000,8712564,8712564,"E. Elias Merhige"
tt0230838,"Sweet November",2001-02-16,6.6,40000000,25288103,65754228,"Pat O'Connor"
tt0291502,"Swept Away",2002-10-11,4.6,10000000,598645,598645,"Guy Ritchie"
tt0283026,Swimfan,2002-09-06,5,10000000,28564995,34084228,"John Polson"
tt1027862,"Swing Vote",2008-08-01,5.7,21000000,16289867,17589867,"Joshua Michael Stern"
tt0117802,Swingers,1996-10-18,6.9,200000,4505922,6618578,"Doug Liman"
tt4034354,"Swiss Army Man",2016-06-24,6.9,3000000,4210454,5837111,"Dan Kwan, Daniel Scheinert"
tt0119210,Switchback,1997-10-31,6,38000000,6504442,6504442,"Jeb Stuart"
tt0815244,"Sydney White",2007-09-21,6.4,16500000,11892415,13636339,"Joe Nussbaum"
tt0383028,"Synecdoche, New York",2008-10-24,7.6,20000000,3083538,4383538,"Charlie Kaufman"
tt0810922,"Take Me Home Tonight",2011-03-04,6,19000000,6928068,7576604,"Michael Dowse"
tt0114608,"Tales from the Crypt: Demon Knight",1995-01-13,6.5,12000000,21089146,21089146,"Ernest R. Dickerson"
tt2103254,Tammy,2014-07-02,5.2,20000000,84525432,96407655,"Ben Falcone"
tt0398286,Tangled,2010-11-24,7.5,260000000,200821936,586477240,"Nathan Greno, Byron Howard"
tt7424200,"Teen Titans Go! To the Movies",2018-07-27,7,10000000,29790236,51620593,"Aaron Horvath, Peter Rida Michail"
tt0096754,"The Abyss",1989-08-09,7.2,70000000,54243125,54243125,"James Cameron"
tt0106226,"The Age of Innocence",1993-09-17,7,34000000,32014993,32014993,"Martin Scorsese"
tt0255798,"The Animal",2001-06-01,4.7,22000000,55762229,55762229,"Luke Greenfield"
tt0338751,"The Aviator",2004-12-17,7.1,110000000,102608827,208370892,"Martin Scorsese"
tt1212436,"The Back-Up Plan",2010-04-23,6,35000000,37490007,75281179,"Alan Poul"
tt0065446,"The Ballad of Cable Hogue",1970-05-13,7.1,3716946,3500000,5000000,"Sam Peckinpah"
tt0357110,"The Ballad of Jack and Rose",2005-03-25,6.4,1500000,712294,1126258,"Rebecca Miller"
tt0357470,"The Battle of Shaker Heights",2003-08-22,5.8,1000000,280351,839145,"Efram Potelle, Kyle Rankin"
tt0045546,"The Beast from 20,000 Fathoms",1953-06-13,6.7,210000,5000000,5000000,"Eugène Lourié"
tt0083642,"The Best Little Whorehouse in Texas",1982-07-23,6,20500000,69701637,69701637,"Colin Higgins"
tt0168501,"The Best Man",1999-10-22,6.8,9000000,34102780,34572780,"Malcolm D. Lee"
tt0120609,"The Big Hit",1998-04-24,5.9,13000000,27066941,27066941,"Kirk Wong"
tt1596363,"The Big Short",2015-12-11,7.3,28000000,70259870,133162752,"Adam McKay"
tt0004972,"The Birth of a Nation",1915-02-08,6.5,110000,10000000,11000000,"D.W. Griffith"
tt0078872,"The Black Stallion",1979-10-17,7.1,2700000,37799643,37799643,"Carroll Ballard"
tt0185937,"The Blair Witch Project",1999-07-14,6.2,600000,140539099,248300000,"Daniel Myrick, Eduardo Sánchez"
tt0103855,"The Bodyguard",1992-11-25,6.5,25000000,121945720,410899039,"Mick Jackson"
tt0816442,"The Book Thief",2013-11-08,7.5,19000000,21488481,76086711,"Brian Percival"
tt0083678,"The Border",1982-01-29,6.4,13500000,6118683,6118683,"Tony Richardson"
tt0258463,"The Bourne Identity",2002-06-14,7.4,60000000,121468960,214357371,"Doug Liman"
tt0372183,"The Bourne Supremacy",2004-07-23,7.3,85000000,176087450,311001124,"Paul Greengrass"
tt0440963,"The Bourne Ultimatum",2007-08-03,7.4,130000000,227471070,444043396,"Paul Greengrass"
tt3181822,"The Boy Next Door",2015-01-23,4.5,4000000,36006065,53401938,"Rob Cohen"
tt0355295,"The Brothers Grimm",2005-08-26,5.7,80000000,37899638,105299638,"Terry Gilliam"
tt0825232,"The Bucket List",2007-12-25,7.1,45000000,93466502,174807445,"Rob Reiner"
tt0312528,"The Cat in the Hat",2003-11-21,5.1,109000000,101018283,133818283,"Bo Welch"
tt0387131,"The Constant Gardener",2005-08-31,7.1,25500000,33579798,86301599,"Fernando Meirelles"
tt0298814,"The Core",2003-03-28,5.6,85000000,31111260,74120792,"Jon Amiel"
tt0276033,"The Country Bears",2002-07-26,4.4,20000000,16988996,16988996,"Peter Hastings"
tt0475944,"The Covenant",2006-09-08,5.4,20000000,23364784,38164784,"Renny Harlin"
tt0455407,"The Crazies",2010-02-26,6.2,19000000,39123589,56445534,"Breck Eisner"
tt2690138,"The D Train",2015-05-08,4.6,3000000,669688,772366,"Andrew Mogel, Jarrad Paul"
tt0085407,"The Dead Zone",1983-10-21,7,10000000,20766000,20766000,"David Cronenberg"
tt0120646,"The Deep End of the Ocean",1999-03-12,6.2,40000000,13508635,13508635,"Ulu Grosbard"
tt0101761,"The Doors",1991-03-01,6.9,40000000,34416893,34416893,"Oliver Stone"
tt1600196,"The Drop",2014-09-12,6.7,12600000,10724389,19054534,"Michaël R. Roskam"
tt0283530,"The Emperor's Club",2002-11-22,7,12500000,14060950,16193713,"Michael Hoffman"
tt0404032,"The Exorcism of Emily Rose",2005-09-09,6.4,18000000,75072454,144529078,"Scott Derrickson"
tt0406759,"The Eye",2008-02-01,5.6,12000000,31418697,57577765,"David Moreau, Xavier Palud"
tt0133751,"The Faculty",1998-12-25,6.3,15000000,40283321,40283321,"Robert Rodriguez"
tt2404311,"The Family",2013-09-13,6.2,30000000,36918811,51078541,"Luc Besson"
tt5083738,"The Favourite",2018-11-23,7.6,15000000,34366783,94075194,"Yorgos Lanthimos"
tt1763303,"The First Time",2012-10-19,7,2000000,17061,17061,"Jonathan Kasdan"
tt5649144,"The Florida Project",2017-10-06,7.4,2000000,5904366,11295324,"Sean Baker"
tt0865556,"The Forbidden Kingdom",2008-04-18,6.4,55000000,52075270,129075270,"Rob Minkoff"
tt0067116,"The French Connection",1971-10-09,7.6,2200000,41158757,41158757,"William Friedkin"
tt0106977,"The Fugitive",1993-08-06,7.4,44000000,183875760,353715317,"Andrew Davis"
tt0119164,"The Full Monty",1997-08-13,7,3500000,45950122,261249383,"Peter Cattaneo"
tt0119174,"The Game",1997-09-12,7.6,50000000,48265581,80369970,"David Fincher"
tt0116409,"The Ghost and the Darkness",1996-10-11,6.7,55000000,38564422,38564422,"Stephen Hopkins"
tt0091129,"The Golden Child",1986-12-12,5.7,12000000,79817937,79817937,"Michael Ritchie"
tt0059245,"The Greatest Story Ever Told",1965-02-15,6.4,20000000,15473333,15473333,"George Stevens, David Lean, Jean Negulesco"
tt0433386,"The Grudge 2",2006-10-13,5.4,20000000,39143839,70743839,"Takashi Shimizu"
tt0171363,"The Haunting",1999-07-23,5.3,80000000,91188905,180188905,"Jan de Bont"
tt1045655,"The Haunting of Molly Hartley",2008-10-31,4.3,5000000,13442412,15318257,"Mickey Liddell"
tt0457939,"The Holiday",2006-12-08,7,85000000,63280000,205190324,"Nancy Meyers"
tt0110074,"The Hudsucker Proxy",1994-03-11,7.2,40000000,2816518,14938149,"Joel Coen, Ethan Coen"
tt0054997,"The Hustler",1961-09-25,7.8,2000000,7600000,7600000,"Robert Rossen"
tt0087451,"The Ice Pirates",1984-03-16,5.8,9000000,13075390,13075390,"Stewart Raffill"
tt0443543,"The Illusionist",2006-08-18,7.2,16500000,39868642,83792062,"Neil Burger"
tt6722030,"The Intruder",2019-05-03,6.4,8000000,35388976,36371584,"Deon Taylor"
tt0116654,"The Island of Dr. Moreau",1996-08-23,4.6,40000000,27682712,27682712,"John Frankenheimer, Richard Stanley"
tt0119395,"The Jackal",1997-11-14,6.2,60000000,54956941,159356941,"Michael Caton-Jones"
tt0087538,"The Karate Kid",1984-06-22,7,8000000,90815558,90815558,"John G. Avildsen"
tt0219854,"The Kid",2000-07-07,6.2,65000000,69688384,69688384,"Jon Turteltaub"
tt0842926,"The Kids Are All Right",2010-07-09,6.5,4000000,20811365,36275469,"Lisa Cholodenko"
tt0213790,"The Ladies Man",2000-10-13,5.2,11000000,13592872,13719474,"Reginald Hudlin"
tt0104691,"The Last of the Mohicans",1992-09-25,7.3,40000000,75505856,75505856,"Michael Mann"
tt0095497,"The Last Temptation of Christ",1988-08-12,7.2,7000000,8373585,8373585,"Martin Scorsese"
tt0289992,"The Life of David Gale",2003-02-21,7.4,50000000,19694635,28920188,"Alan Parker"
tt0192255,"The Little Vampire",2000-10-27,6.1,22000000,13555988,13555988,"Uli Edel"
tt0306841,"The Lizzie McGuire Movie",2003-05-02,6,15000000,42734455,55534455,"Jim Fall"
tt0398165,"The Longest Yard",2005-05-27,6.4,82000000,158119460,191558505,"Peter Segal"
tt0167261,"The Lord of the Rings: The Two Towers",2002-12-18,8.3,94000000,342548984,934699645,"Peter Jackson"
tt0093437,"The Lost Boys",1987-07-31,6.9,8500000,32222567,32222567,"Joel Schumacher"
tt0037884,"The Lost Weekend",1945-11-29,7.7,1250000,11000000,11000000,"Billy Wilder"
tt0166252,"The Love Letter",1999-05-21,5.6,15000000,8322608,9010980,"Peter Ho-Sun Chan"
tt0981072,"The Lucky Ones",2008-09-26,6.3,14000000,266967,266967,"Neil Burger"
tt0056217,"The Man Who Shot Liberty Valance",1962-04-22,7.7,3200000,8000000,8000000,"John Ford"
tt1258972,"The Man with the Iron Fists",2012-11-02,5.3,15000000,15634090,22018988,RZA
tt0419946,"The Marine",2006-10-13,5.4,15000000,18844784,22165608,"John Bonito"
tt0295427,"The Master of Disguise",2002-08-02,3.6,16000000,40363530,40363530,"Perry Andelin Blake"
tt0242653,"The Matrix Revolutions",2003-11-05,6.6,150000000,139270910,427300260,"Lana Wachowski, Lilly Wachowski"
tt0790712,"The Messenger",2009-11-13,6.7,6500000,1109660,1744952,"Oren Moverman"
tt0117057,"The Mirror Has Two Faces",1996-11-15,6.8,42000000,41267469,41267469,"Barbra Streisand"
tt0338188,"The Missing",2003-11-26,6.3,65000000,26900336,38253433,"Ron Howard"
tt7959026,"The Mule",2018-12-14,6.5,50000000,103804407,170738684,"Clint Eastwood"
tt0209163,"The Mummy Returns",2001-05-04,6.2,98000000,202007640,435040395,"Stephen Sommers"
tt0120768,"The Negotiator",1998-07-29,7,50000000,44705766,49105766,"F. Gary Gray"
tt0113957,"The Net",1995-07-28,5.8,22000000,50621733,110521733,"Irwin Winkler"
tt0402399,"The New World",2005-12-25,6.5,30000000,12712093,26184400,"Terrence Malick"
tt0481369,"The Number 23",2007-02-23,6.4,32000000,35193167,77593167,"Joel Schumacher"
tt1821658,"The Nut Job",2014-01-17,5.7,30000000,64251538,122529966,"Peter Lepeniotis"
tt1041804,"The Nutcracker in 3D",2010-11-24,5.5,90000000,195459,20466016,"Andrey Konchalovskiy"
tt1462769,"The Odd Life of Timothy Green",2012-08-15,6.7,40000000,51853450,55249159,"Peter Hedges"
tt0466909,"The Omen",2006-06-06,5.4,25000000,54607383,119295584,"John Moore"
tt0267804,"The One",2001-11-02,5.9,49000000,43905746,72689126,"James Wong"
tt0304711,"The Order",2003-09-05,5,35000000,7659747,11559747,"Brian Helgeland"
tt1386588,"The Other Guys",2010-08-06,6.2,100000000,119219978,170936470,"Adam McKay"
tt0086066,"The Outsiders",1983-03-25,7.3,10000000,25697647,25697647,"Francis Ford Coppola"
tt3844362,"The Overnight",2015-06-19,6,200000,1109808,1165996,"Patrick Brice"
tt0335345,"The Passion of the Christ",2004-02-25,7.1,25000000,370782930,622341924,"Mel Gibson"
tt0187393,"The Patriot",2000-06-28,7,110000000,113330342,215300000,"Roland Emmerich"
tt0119874,"The Peacemaker",1997-09-26,5.8,50000000,41263140,62967368,"Mimi Leder"
tt3862750,"The Perfect Guy",2015-09-11,5.7,18000000,57027435,60278166,"David M. Rosenthal"
tt6294822,"The Post",2017-12-22,7,50000000,81903458,179748880,"Steven Spielberg"
tt0102713,"The Prince of Tides",1991-12-25,6.6,30000000,74787599,74787599,"Barbra Streisand"
tt0258068,"The Quiet American",2002-11-22,6.7,20000000,12987647,26348203,"Phillip Noyce"
tt0107943,"The Remains of the Day",1993-11-05,7.6,15000000,22954968,63954968,"James Ivory"
tt0120008,"The Replacement Killers",1998-02-06,6,30000000,19035741,19035741,"Antoine Fuqua"
tt1663202,"The Revenant",2015-12-25,7.4,135000000,183637894,532938302,"Alejandro G. Iñárritu"
tt2479478,"The Ridiculous 6",2015-12-11,5,60000000,0,0,"Frank Coraci"
tt0898367,"The Road",2009-11-25,6.9,25000000,8114270,29206732,"John Hillcoat"
tt0138749,"The Road to El Dorado",2000-03-31,7.1,95000000,50802661,65700000,"Bibo Bergeron, Don Paul, Jeffrey Katzenberg"
tt0046247,"The Robe",1953-09-16,6.4,5000000,36000000,36008303,"Henry Koster"
tt0314676,"The Singing Detective",2003-10-24,5.5,8000000,336456,524747,"Keith Gordon"
tt0403508,"The Sisterhood of the Traveling Pants",2005-06-01,6.5,25000000,39053061,41560117,"Ken Kwapis"
tt1018785,"The Sisterhood of the Traveling Pants 2",2008-08-06,6.2,27000000,44089964,44270131,"Sanaa Hamri"
tt1366344,"The Sitter",2011-12-09,5.5,25000000,30542576,38749404,"David Gordon Green"
tt0167404,"The Sixth Sense",1999-08-06,7.9,40000000,293506292,672806292,"M. Night Shyamalan"
tt1571249,"The Skeleton Twins",2014-09-12,6.7,1000000,5284309,5797192,"Craig Johnson"
tt0821642,"The Soloist",2009-04-24,6.6,60000000,31853584,38522450,"Joe Wright"
tt1535612,"The Son of No One",2011-11-04,5.1,15000000,30680,1148578,"Dito Montiel"
tt1714206,"The Spectacular Now",2013-08-02,6.6,2500000,6852971,6916951,"James Ponsoldt"
tt0340376,"The Statement",2003-12-12,5.8,27000000,765637,1545064,"Norman Jewison"
tt0814335,"The Stepfather",2009-10-16,5.7,20000000,29062561,29227561,"Nelson McCormick"
tt0070735,"The Sting",1973-12-25,8.1,5500000,159616327,159616327,"George Roy Hill"
tt0811106,"The Ten",2007-08-03,5,5250000,769726,786677,"David Wain"
tt0088247,"The Terminator",1984-10-26,7.5,6400000,38019031,78019031,"James Cameron"
tt0155267,"The Thomas Crown Affair",1999-08-06,6.7,48000000,69304264,124304264,"John McTiernan"
tt0220099,"The Tigger Movie",2000-02-11,6.4,20000000,45542421,96147688,"Jun Falkenstein"
tt0048750,"The Trouble with Harry",1955-10-03,7,1200000,7000000,7000000,"Alfred Hitchcock"
tt0290095,"The Tuxedo",2002-09-27,5.5,60000000,50586000,104429625,"Kevin Donovan"
tt1142988,"The Ugly Truth",2009-07-24,6.5,38000000,88915214,205298907,"Robert Luketic"
tt1139668,"The Unborn",2009-01-09,5,16000000,42670410,78208812,"David S. Goyer"
tt0094226,"The Untouchables",1987-06-03,7.8,25000000,76270454,76270454,"Brian De Palma"
tt1082886,"The Wackness",2008-07-03,6.4,6000000,2077046,3330012,"Jonathan Levine"
tt0204626,"The Watcher",2000-09-08,5.1,33000000,28946615,47267829,"Joe Charbanic"
tt0372532,"The Wedding Date",2005-02-04,6.5,15000000,31726995,47175038,"Clare Kilner"
tt0190138,"The Whole Nine Yards",2000-02-18,6.4,24000000,57262492,85527867,"Jonathan Lynn"
tt4263482,"The Witch",2016-02-19,6.6,3500000,25138705,40454520,"Robert Eggers"
tt0078504,"The Wiz",1978-10-24,5.8,24000000,22000000,22000000,"Sidney Lumet"
tt1596365,"The Woman in Black",2012-02-03,6.1,15000000,54333290,128955898,"James Watkins"
tt0430770,"The Women",2008-09-12,4.9,16000000,26902075,50103808,"Diane English"
tt0129387,"There's Something About Mary",1998-07-15,6.5,22000000,176484651,369884651,"Bobby Farrelly, Peter Farrelly"
tt0117894,Thinner,1996-10-25,5.8,14000000,15171475,15171475,"Tom Holland"
tt1245492,"This Is the End",2013-06-12,6.2,32000000,101470202,126539117,"Evan Goldberg, Seth Rogen"
tt0144640,"Three to Tango",1999-10-22,5.6,20000000,10570375,10570375,"Damon Santostefano"
tt1855401,"Tim and Eric's Billion Dollar Movie",2012-03-02,5.7,3000000,201436,223652,"Tim Heidecker, Eric Wareheim"
tt0857295,"Timber Falls",2007-12-07,5.3,2600000,0,71248,"Tony Giglio"
tt1570989,"Tiny Furniture",2010-11-12,5.9,50000,391674,424149,"Lena Dunham"
tt0120913,"Titan A.E.",2000-06-16,6.5,75000000,22751979,36751979,"Don Bluth, Gary Goldman"
tt0453556,TMNT,2007-03-23,5.9,35000000,54149098,96096018,"Kevin Munroe"
tt0108358,Tombstone,1993-12-25,7.5,25000000,56505065,56505065,"George P. Cosmatos, Kevin Jarre"
tt2784678,"Top Five",2014-12-12,6.2,12000000,25317379,26001741,"Chris Rock"
tt0027125,"Top Hat",1935-09-06,7.7,609000,1782000,3202000,"Mark Sandrich"
tt0329691,Torque,2004-01-16,4.7,40000000,21176322,46176322,"Joseph Kahn"
tt0100802,"Total Recall",1990-06-01,7.2,65000000,119394839,261400000,"Paul Verhoeven"
tt0181865,Traffic,2000-12-27,7,48000000,124107476,208300000,"Steven Soderbergh"
tt0084827,Tron,1982-07-09,6.7,17000000,26918576,26918576,"Steven Lisberger"
tt0454970,Turistas,2006-12-01,5.3,10000000,7027762,14321070,"John Stockwell"
tt0119594,Twilight,1998-03-06,6.1,20000000,15055091,15055091,"Robert Benton"
tt0315297,Twisted,2004-02-27,5.3,50000000,25195050,40119848,"Philip Kaufman"
tt0269341,"Two Can Play That Game",2001-09-07,6.5,13000000,22235901,22391450,"Mark Brown"
tt2140619,"Two Night Stand",2014-09-26,6.5,1600000,15600,868081,"Max Nichols"
tt0488658,"Unaccompanied Minors",2006-12-08,5.8,25000000,16655224,21970831,"Paul Feig"
tt1809398,Unbroken,2014-12-25,7.4,65000000,115637895,163527824,"Angelina Jolie"
tt0373416,Underclassman,2005-09-02,5.1,25000000,5654777,5654777,"Marcos Siega"
tt0475276,"United 93",2006-04-28,7.1,18000000,31567134,77635035,"Paul Greengrass"
tt0118055,"Up Close & Personal",1996-03-01,6.2,60000000,51045801,100645801,"Jon Avnet"
tt0146336,"Urban Legend",1998-09-25,5.7,14000000,38116707,72571864,"Jamie Blanks"
tt0241025,"Vanity Fair",2004-09-01,5.7,23000000,16123851,19123851,"Mira Nair"
tt7043012,"Velvet Buzzsaw",2019-02-01,5.3,21000000,0,0,"Dan Gilroy"
tt0428251,Venom,2005-09-16,4.9,25000000,881745,881745,"Jim Gillespie"
tt0086541,Videodrome,1983-02-04,7.3,5952000,2120439,2120439,"David Cronenberg"
tt0114857,Virtuosity,1995-08-04,5.5,30000000,23998226,23998226,"Brett Leonard"
tt0120461,Volcano,1997-04-25,5.5,90000000,47546796,120100000,"Mick Jackson"
tt0348333,Waiting...,2005-10-07,6.3,1125000,16124543,18673274,"Rob McKittrick"
tt0841046,"Walk Hard: The Dewey Cox Story",2007-12-21,6.5,35000000,18317151,20606053,"Jake Kasdan"
tt0499556,War,2007-08-24,6.1,25000000,22486409,40686409,"Philip G. Atwell"
tt0049934,"War and Peace",1956-08-21,6.7,6000000,12500000,12524028,"King Vidor"
tt1568911,"War Horse",2011-12-25,7.2,70000000,79883359,156815529,"Steven Spielberg"
tt0114898,Waterworld,1995-07-28,6,175000000,88246220,264246220,"Kevin Reynolds"
tt0105793,"Wayne's World",1992-02-14,6.6,20000000,121697323,183097323,"Penelope Spheeris"
tt3289724,"Welcome to Marwen",2018-12-21,6.5,45000000,10763520,12919471,"Robert Zemeckis"
tt0055614,"West Side Story",1961-10-18,7.3,6000000,43700000,43700000,"Jerome Robbins, Robert Wise"
tt0486674,"What Just Happened",2008-10-17,5.4,27000000,1090947,2412123,"Barry Levinson"
tt0161081,"What Lies Beneath",2000-07-21,6.3,90000000,155464351,288693989,"Robert Zemeckis"
tt7634968,"What Men Want",2019-02-08,5.9,20000000,54611903,69911903,"Adam Shankman"
tt0207201,"What Women Want",2000-12-15,6.3,65000000,182805123,374105123,"Nancy Meyers"
tt0455857,"When a Stranger Calls",2006-02-03,5.6,15000000,47860214,67215435,"Simon West"
tt2247476,"When the Game Stands Tall",2014-08-22,6.6,15000000,30127963,30138912,"Thomas Carter"
tt0386117,"Where the Wild Things Are",2009-10-16,6.4,100000000,77233467,99123656,"Spike Jonze"
tt3553442,"Whiskey Tango Foxtrot",2016-03-04,6.2,35000000,23083334,25350747,"Glenn Ficarra, John Requa"
tt0118158,"White Squall",1996-02-02,6.3,38000000,10229300,10229300,"Ridley Scott"
tt2761578,"Wicked Blood",2014-03-04,5.5,3500000,0,0,"Mark Young"
tt0324554,"Wicker Park",2004-09-03,6.7,30000000,13001257,21577076,"Paul McGuigan"
tt0310357,Willard,2003-03-14,5.9,20000000,6882696,6882696,"Glen Morgan"
tt0090327,Witchboard,1986-12-31,5.9,2000000,7369373,7369373,"Kevin Tenney"
tt0206420,"Woman on Top",2000-09-22,5.5,8000000,5018450,10192613,"Fina Torres"
tt1870529,"Won't Back Down",2012-09-28,6.3,19000000,5310554,5745503,"Daniel Barnz"
tt0469641,"World Trade Center",2006-08-09,6,65000000,70278893,163295654,"Oliver Stone"
tt0111756,"Wyatt Earp",1994-06-24,6.6,63000000,25052000,25052000,"Lawrence Kasdan"
tt0090357,"Young Sherlock Holmes",1985-12-04,6.9,18000000,19739000,19739000,"Barry Levinson"
tt1240982,"Your Highness",2011-04-08,5.3,50000000,21596445,26121638,"David Gordon Green"
tt0196229,Zoolander,2001-09-28,6.2,28000000,45172250,60780981,"Ben Stiller"
tt0383060,Zoom,2006-08-11,5.1,35000000,11989328,12506188,"Peter Hewitt"
